{
  "Internal_1": [
    -0.7011038064956665,
    -0.8289422392845154
  ],
  "Tarsius_syrichta": [
    -0.634859561920166,
    0.7984412312507629
  ],
  "Lemur_catta": [
    0.8358098268508911,
    0.5369666218757629
  ],
  "Internal_2": [
    0.8569867014884949,
    -0.5258292555809021
  ],
  "Internal_3": [
    0.7831100225448608,
    0.7563967108726501
  ],
  "Internal_4": [
    -0.07817994803190231,
    0.9873612523078918
  ],
  "Internal_5": [
    0.8298313021659851,
    -0.9841647744178772
  ],
  "Internal_6": [
    0.7089933156967163,
    0.7734760046005249
  ],
  "Internal_7": [
    -0.46183645725250244,
    -0.8758760094642639
  ],
  "Homo_sapiens": [
    -0.6902884840965271,
    -0.7151104211807251
  ],
  "Pan": [
    0.6536215543746948,
    -0.7844789624214172
  ],
  "Gorilla": [
    0.8982738852500916,
    -0.41628116369247437
  ],
  "Pongo": [
    0.9913889169692993,
    -0.9166196584701538
  ],
  "Hylobates": [
    0.8178809285163879,
    0.6938536167144775
  ],
  "Internal_8": [
    -0.7764397263526917,
    0.718856155872345
  ],
  "Internal_9": [
    -0.944616973400116,
    0.9879840016365051
  ],
  "Internal_10": [
    -0.928982675075531,
    0.3937011957168579
  ],
  "Macaca_fuscata": [
    -0.8417350649833679,
    -0.5444115400314331
  ],
  "M_mulatta": [
    -0.5694742798805237,
    -0.8151549100875854
  ],
  "M_fascicularis": [
    0.8201412558555603,
    -0.6604336500167847
  ],
  "M_sylvanus": [
    -0.7927075028419495,
    -0.7685198783874512
  ],
  "Saimiri_sciureus": [
    0.5667766332626343,
    0.8123577237129211
  ]
}