{
  "Internal_1": [
    0.8875764608383179,
    0.05249302461743355
  ],
  "Tarsius_syrichta": [
    0.29230737686157227,
    -0.8764929175376892
  ],
  "Lemur_catta": [
    0.5512006878852844,
    -0.723545253276825
  ],
  "Internal_2": [
    -0.127787247300148,
    0.8712272047996521
  ],
  "Internal_3": [
    0.20078669488430023,
    0.8503473997116089
  ],
  "Internal_4": [
    0.3761793076992035,
    0.8161001801490784
  ],
  "Internal_5": [
    0.8289774060249329,
    -0.35322096943855286
  ],
  "Internal_6": [
    -0.31084367632865906,
    -0.8577926754951477
  ],
  "Internal_7": [
    0.7768961191177368,
    -0.45184457302093506
  ],
  "Homo_sapiens": [
    -0.6496047973632812,
    -0.6487356424331665
  ],
  "Pan": [
    -0.6940586566925049,
    -0.5937601923942566
  ],
  "Gorilla": [
    -0.772406816482544,
    -0.4795621633529663
  ],
  "Pongo": [
    0.6688929796218872,
    0.6043611168861389
  ],
  "Hylobates": [
    0.6665754318237305,
    -0.6174842715263367
  ],
  "Internal_8": [
    0.5396028161048889,
    0.7095773220062256
  ],
  "Internal_9": [
    -0.6891140341758728,
    0.5794146060943604
  ],
  "Internal_10": [
    -0.6350396275520325,
    0.6378700733184814
  ],
  "Macaca_fuscata": [
    -0.551216185092926,
    0.7134278416633606
  ],
  "M_mulatta": [
    -0.47284460067749023,
    -0.7776657938957214
  ],
  "M_fascicularis": [
    -0.8338053822517395,
    0.3415175676345825
  ],
  "M_sylvanus": [
    -0.7884270548820496,
    0.4688568413257599
  ],
  "Saimiri_sciureus": [
    0.7884373664855957,
    0.42599818110466003
  ]
}