{
  "Internal_1": [
    -0.010693595744669437,
    -0.4205063283443451
  ],
  "Tarsius_syrichta": [
    -0.009723588824272156,
    -0.42102837562561035
  ],
  "Lemur_catta": [
    -0.009694606065750122,
    -0.42088836431503296
  ],
  "Internal_2": [
    -0.026927245780825615,
    -0.39523592591285706
  ],
  "Internal_3": [
    -0.10422028601169586,
    -0.3224107623100281
  ],
  "Internal_4": [
    -0.04665566608309746,
    -0.2156861573457718
  ],
  "Internal_5": [
    -0.0016687018796801567,
    -0.09868373721837997
  ],
  "Internal_6": [
    0.10491058975458145,
    0.14309638738632202
  ],
  "Internal_7": [
    0.10510324686765671,
    0.1430044323205948
  ],
  "Homo_sapiens": [
    0.10532613098621368,
    0.14352810382843018
  ],
  "Pan": [
    0.10563395917415619,
    0.14380785822868347
  ],
  "Gorilla": [
    0.10546067357063293,
    0.14324098825454712
  ],
  "Pongo": [
    -0.002342930529266596,
    -0.10052932053804398
  ],
  "Hylobates": [
    -0.04761127009987831,
    -0.21532832086086273
  ],
  "Internal_8": [
    -0.20369897782802582,
    -0.33299997448921204
  ],
  "Internal_9": [
    -0.250790536403656,
    -0.3367353677749634
  ],
  "Internal_10": [
    -0.266726016998291,
    -0.3391548693180084
  ],
  "Macaca_fuscata": [
    -0.26695218682289124,
    -0.3390677571296692
  ],
  "M_mulatta": [
    -0.2670002579689026,
    -0.33919423818588257
  ],
  "M_fascicularis": [
    -0.2506811320781708,
    -0.3367902338504791
  ],
  "M_sylvanus": [
    -0.203522190451622,
    -0.3330107033252716
  ],
  "Saimiri_sciureus": [
    -0.02693466655910015,
    -0.3953590989112854
  ]
}