{
  "Internal_1": [
    -0.3520520329475403,
    -0.2414260059595108
  ],
  "Tarsius_syrichta": [
    -0.35290035605430603,
    -0.24014395475387573
  ],
  "Lemur_catta": [
    -0.3512943685054779,
    -0.2410164624452591
  ],
  "Internal_2": [
    -0.3027738034725189,
    -0.2104465216398239
  ],
  "Internal_3": [
    -0.0638158917427063,
    -0.0557241253554821
  ],
  "Internal_4": [
    -0.09575413912534714,
    0.22255480289459229
  ],
  "Internal_5": [
    -0.05723576620221138,
    0.3759276270866394
  ],
  "Internal_6": [
    0.017944639548659325,
    0.5524678230285645
  ],
  "Internal_7": [
    0.03929291293025017,
    0.6010041236877441
  ],
  "Homo_sapiens": [
    0.04268908500671387,
    0.6037201285362244
  ],
  "Pan": [
    0.03866918012499809,
    0.6023159623146057
  ],
  "Gorilla": [
    0.018486598506569862,
    0.5536137819290161
  ],
  "Pongo": [
    -0.05349051207304001,
    0.37483450770378113
  ],
  "Hylobates": [
    -0.09156963229179382,
    0.21730856597423553
  ],
  "Internal_8": [
    0.17414116859436035,
    -0.1505577564239502
  ],
  "Internal_9": [
    0.3319482207298279,
    -0.19532273709774017
  ],
  "Internal_10": [
    0.3780074417591095,
    -0.2078385204076767
  ],
  "Macaca_fuscata": [
    0.3800659775733948,
    -0.20751208066940308
  ],
  "M_mulatta": [
    0.3803201913833618,
    -0.20372776687145233
  ],
  "M_fascicularis": [
    0.3303682804107666,
    -0.19416947662830353
  ],
  "M_sylvanus": [
    0.17452400922775269,
    -0.15310975909233093
  ],
  "Saimiri_sciureus": [
    -0.3023532032966614,
    -0.21437659859657288
  ]
}